Body Breaker,by,M W Craven,2023-11-20
Broken Light,by,Joanne Harris,2023-11-07
Harlem Shuffle,by,Colson Whitehead,2023-10-07
Carpe Jugulum,by,Terry Pratchett,2023-09-04
H is For Homicide,by,Sue Grafton,2023-08-11
Born in a Burial Gown,by,M W Craven,2023-08-03
The Running Girls,by,Matt Brolly,2023-07-28
Desert Star,by,Michael Connelly,2023-07-10
Sundiver,by,David Brin,2023-07-10
Our Man in Havana,by,Graham Greene,2023-06-12
The Last Continent,by,Terry Pratchett,2023-06-01
The Cuckoo's Calling,by,Robert Galbraith,2023-05-22
Utopia Avenue,by,David Mitchell,2023-04-28
How to Kill men and Get Away With It,by,Katy Brent,2023-03-28
Travels With My Aunt,by,Graham Greene,2023-03-21
1989,by,Val McDermid,2023-03-09
Beryl Burton,by,Jeremy Wilson,2023-02-16
The Coffin Dancer,by,Jeffery Deaver,2023-02-08
The Institute,by,Stephen King,2023-01-29
1979,by,Val McDermid,2023-01-14
