All The Dying Children,by,James Halpin,2019-10-15,2019
The Man Who Played With Fire,by,Jan Stocklass,2019-10-06,2019
Burial of Ghosts,by,Ann Cleeves,2019-09-13,2019
Mastering Vim Quickly,by,Jovica Ilic,2019-09-09,2019
The Kill List,by,Frederick Forsyth,2019-08-25,2019
The Outsider,by,Stephen King,2019-08-20,2019
The Long Walk,by,Slavomir Rawicz,2019-08-13,2019
Above Suspicion,by,Lynda La Plante,2019-08-11,2019
BoardFree,by,Dave Cornthwaite,2019-08-05,2019
Dark Sacred Night,by,Michael Connlley,2019-07-25,2019
Journey to a Dream,by,Craig Briggs,2019-07-05,2019
The Tattooist of Auschwitz,by,Heather Morris,2019-07-04,2019
The Late Show,by,Michael Connlley,2019-06-30,2019
4321,by,Paul Auster,2019-06-15,2019
A Gentleman in Moscow,by,Amor Towles,2019-06-2,2019
Chronicles,by,Bob Dylan,2019-05-07,2019
Bounce,by,Matthew Syed,2019-04-12,2019
The Soldier Who Came Back,by,Steve Foster,2019-04-10,2019
Moab is My Washpot,by,Stephen Fry,2019-03-24,2019
Keeper,by,Graham Norton,2019-03-16,2019
I Robot,by,Issac Asimov,2019-03-12,2019
Day of the Accident,by,Nuala Ellwood,2019-03-01,2019
Invisible,by,Paul Auster,2019-03-02,2019
Blood for Blood,by,Ziba MacKenzie,2019-02-20,2019
The President Is Missing,by,James Patterson,2019-02-08,2019
Cheerful Sacrifice The Battle of Arras 1917,by,Jonathan Nicholls,2019-02-05,2019
Around the World in 80 Days,by,Mark Beaumont,2019-01-26,2019
An Officer and a Spy,by,Robert Harris,2019-01-24,2019
Confessions of Felix Krull Confidence Man,by,Thomas Mann,2019-01-10,2019
